v,v,v
-0.139650981,4.508065769,5.353301843
-0.139650999,4.508066358,5.353301347
-0.139651017,4.508066947,5.353300849
-0.139651035,4.508067534,5.353300356
-0.139651054,4.508068124,5.353299859
-0.139651072,4.508068713,5.353299360
-0.139651090,4.508069302,5.353298867
-0.139651108,4.508069891,5.353298369
-0.139651126,4.508070478,5.353297873
-0.139651145,4.508071068,5.353297377
-0.139651163,4.508071655,5.353296880
-0.139651181,4.508072244,5.353296384
-0.139651199,4.508072833,5.353295888
-0.139651218,4.508073422,5.353295392
-0.139651236,4.508074010,5.353294895
-0.139651254,4.508074599,5.353294399
-0.139651272,4.508075188,5.353293902
-0.139651291,4.508075777,5.353293407
-0.139651309,4.508076366,5.353292911
-0.139651327,4.508076955,5.353292413
-0.139651345,4.508077542,5.353291917
-0.139651364,4.508078132,5.353291422
-0.139651382,4.508078721,5.353290925
-0.139651400,4.508079308,5.353290429
-0.139651418,4.508079898,5.353289933
-0.139651437,4.508080487,5.353289437
-0.139651455,4.508081075,5.353288941
-0.139651473,4.508081664,5.353288445
-0.139651491,4.508082253,5.353287948
-0.139651509,4.508082842,5.353287452
-0.139651528,4.508083432,5.353286955
-0.139651546,4.508084020,5.353286459
-0.139651564,4.508084609,5.353285963
-0.139651582,4.508085198,5.353285467
-0.139651601,4.508085785,5.353284970
-0.139651619,4.508086373,5.353284474
-0.139651637,4.508086963,5.353283978
-0.139651655,4.508087551,5.353283483
-0.139651674,4.508088142,5.353282986
-0.139651692,4.508088730,5.353282489
-0.139651710,4.508089317,5.353281993
-0.139651728,4.508089905,5.353281497
-0.139651746,4.508090493,5.353281002
-0.139651765,4.508091083,5.353280505
-0.139651783,4.508091672,5.353280009
-0.139651801,4.508092262,5.353279511
-0.139651820,4.508092850,5.353279016
-0.139651838,4.508093438,5.353278520
-0.139651856,4.508094027,5.353278023
-0.139651874,4.508094616,5.353277527
-0.139651892,4.508095205,5.353277031
-0.139651911,4.508095792,5.353276535
-0.139651929,4.508096384,5.353276039
-0.139651947,4.508096970,5.353275543
-0.139651965,4.508097560,5.353275046
-0.139651984,4.508098149,5.353274551
-0.139652002,4.508098737,5.353274054
-0.139652020,4.508099326,5.353273556
-0.139652038,4.508099915,5.353273061
-0.139652057,4.508100502,5.353272565
-0.139652075,4.508101093,5.353272068
-0.139652093,4.508101680,5.353271573
-0.139652111,4.508102269,5.353271076
-0.139652129,4.508102857,5.353270580
-0.139652148,4.508103447,5.353270084
-0.139652166,4.508104035,5.353269587
-0.139652184,4.508104624,5.353269091
-0.139652202,4.508105212,5.353268595
-0.139652221,4.508105801,5.353268099
-0.139652239,4.508106391,5.353267603
-0.139652257,4.508106980,5.353267107
-0.139652275,4.508107567,5.353266610
-0.139652294,4.508108156,5.353266113
-0.139652312,4.508108744,5.353265618
-0.139652330,4.508109331,5.353265121
-0.139652348,4.508109923,5.353264624
-0.139652367,4.508110512,5.353264129
-0.139652385,4.508111101,5.353263632
-0.139652403,4.508111689,5.353263136
-0.139652421,4.508112278,5.353262639
-0.139652440,4.508112866,5.353262144
-0.139652458,4.508113454,5.353261647
-0.139652476,4.508114043,5.353261151
-0.139652494,4.508114631,5.353260654
-0.139652512,4.508115221,5.353260158
-0.139652531,4.508115810,5.353259663
-0.139652549,4.508116399,5.353259166
-0.139652567,4.508116986,5.353258669
-0.139652586,4.508117577,5.353258174
-0.139652604,4.508118165,5.353257678
-0.139652622,4.508118753,5.353257181
-0.139652640,4.508119341,5.353256685
-0.139652658,4.508119931,5.353256189
-0.139652677,4.508120519,5.353255693
-0.139652695,4.508121109,5.353255197
-0.139652713,4.508121697,5.353254700
-0.139652731,4.508122285,5.353254204
-0.139652750,4.508122874,5.353253706
-0.139652768,4.508123464,5.353253212
-0.139652786,4.508124051,5.353252716
-0.139652804,4.508124641,5.353252220
-0.139652823,4.508125230,5.353251723
-0.139652841,4.508125818,5.353251226
-0.139652859,4.508126408,5.353250730
-0.139652877,4.508126995,5.353250234
-0.139652895,4.508127584,5.353249737
-0.139652914,4.508128172,5.353249241
-0.139652932,4.508128760,5.353248745
-0.139652950,4.508129351,5.353248248
-0.139652968,4.508129939,5.353247752
-0.139652987,4.508130528,5.353247256
-0.139653005,4.508131117,5.353246760
-0.139653023,4.508131706,5.353246263
-0.139653041,4.508132294,5.353245768
-0.139653060,4.508132882,5.353245272
-0.139653078,4.508133472,5.353244775
-0.139653096,4.508134061,5.353244279
-0.139653114,4.508134650,5.353243781
-0.139653133,4.508135238,5.353243286
-0.139653151,4.508135826,5.353242790
-0.139653169,4.508136415,5.353242294
-0.139653187,4.508137002,5.353241797
-0.139653206,4.508137592,5.353241301
-0.139653224,4.508138179,5.353240805
-0.139653242,4.508138770,5.353240309
-0.139653260,4.508139359,5.353239811
-0.139653278,4.508139947,5.353239317
-0.139653297,4.508140535,5.353238821
-0.139653315,4.508141124,5.353238324
-0.139653333,4.508141713,5.353237828
-0.139653351,4.508142303,5.353237331
-0.139653370,4.508142889,5.353236835
-0.139653388,4.508143481,5.353236339
-0.139653406,4.508144068,5.353235843
-0.139653424,4.508144656,5.353235346
-0.139653443,4.508145246,5.353234850
-0.139653461,4.508145834,5.353234354
-0.139653479,4.508146423,5.353233857
-0.139653497,4.508147012,5.353233361
-0.139653516,4.508147600,5.353232864
-0.139653534,4.508148190,5.353232369
-0.139653552,4.508148778,5.353231873
-0.139653570,4.508149367,5.353231377
-0.139653588,4.508149954,5.353230880
-0.139653607,4.508150544,5.353230384
-0.139653625,4.508151133,5.353229887
-0.139653643,4.508151721,5.353229390
-0.139653661,4.508152311,5.353228895
-0.139653680,4.508152897,5.353228398
-0.139653698,4.508153488,5.353227903
-0.139653716,4.508154077,5.353227406
-0.139653734,4.508154665,5.353226911
-0.139653753,4.508155254,5.353226414
-0.139653771,4.508155842,5.353225918
-0.139653789,4.508156430,5.353225421
-0.139653807,4.508157020,5.353224926
-0.139653826,4.508157607,5.353224428
-0.139653844,4.508158198,5.353223933
-0.139653862,4.508158787,5.353223437
-0.139653880,4.508159376,5.353222940
-0.139653898,4.508159963,5.353222444
-0.139653917,4.508160552,5.353221948
-0.139653935,4.508161142,5.353221451
-0.139653953,4.508161729,5.353220955
-0.139653971,4.508162317,5.353220459
-0.139653990,4.508162908,5.353219963
-0.139654008,4.508163496,5.353219465
-0.139654026,4.508164085,5.353218971
-0.139654044,4.508164672,5.353218474
-0.139654063,4.508165261,5.353217978
-0.139654081,4.508165850,5.353217481
-0.139654099,4.508166439,5.353216985
-0.139654117,4.508167027,5.353216488
-0.139654136,4.508167615,5.353215993
-0.139654154,4.508168206,5.353215497
-0.139654172,4.508168795,5.353214999
-0.139654190,4.508169383,5.353214504
-0.139654209,4.508169971,5.353214008
-0.139654227,4.508170560,5.353213511
-0.139654245,4.508171149,5.353213015
-0.139654263,4.508171737,5.353212518
-0.139654281,4.508172325,5.353212023
-0.139654300,4.508172915,5.353211526
-0.139654318,4.508173505,5.353211030
-0.139654336,4.508174093,5.353210534
-0.139654354,4.508174681,5.353210038
-0.139654373,4.508175270,5.353209542
-0.139654391,4.508175858,5.353209045
-0.139654409,4.508176446,5.353208549
-0.139654427,4.508177035,5.353208052
-0.139654446,4.508177625,5.353207556
-0.139654464,4.508178213,5.353207060
-0.139654482,4.508178802,5.353206565
-0.139654500,4.508179392,5.353206068
-0.139654519,4.508179980,5.353205571
-0.139654537,4.508180568,5.353205076
-0.139654555,4.508181156,5.353204578
-0.139654573,4.508181745,5.353204081
-0.139654591,4.508182333,5.353203586
-0.139654610,4.508182924,5.353203091
-0.139654628,4.508183512,5.353202594
-0.139654646,4.508184101,5.353202099
-0.139654664,4.508184689,5.353201602
-0.139654683,4.508185278,5.353201105
-0.139654701,4.508185864,5.353200609
-0.139654719,4.508186454,5.353200113
-0.139654737,4.508187043,5.353199617
-0.139654756,4.508187632,5.353199120
-0.139654774,4.508188222,5.353198624
-0.139654792,4.508188811,5.353198127
-0.139654810,4.508189400,5.353197632
-0.139654829,4.508189987,5.353197135
-0.139654847,4.508190575,5.353196638
-0.139654865,4.508191164,5.353196143
-0.139654883,4.508191753,5.353195646
-0.139654902,4.508192341,5.353195149
-0.139654920,4.508192931,5.353194654
-0.139654938,4.508193519,5.353194159
-0.139654956,4.508194109,5.353193661
-0.139654975,4.508194697,5.353193165
-0.139654993,4.508195285,5.353192670
-0.139655011,4.508195874,5.353192172
-0.139655029,4.508196463,5.353191676
-0.139655047,4.508197051,5.353191182
-0.139655066,4.508197640,5.353190683
-0.139655084,4.508198231,5.353190187
-0.139655102,4.508198818,5.353189691
-0.139655120,4.508199407,5.353189195
-0.139655139,4.508199994,5.353188699
-0.139655157,4.508200583,5.353188202
-0.139655175,4.508201174,5.353187706
-0.139655193,4.508201762,5.353187210
-0.139655212,4.508202349,5.353186713
-0.139655230,4.508202939,5.353186217
-0.139655248,4.508203528,5.353185721
-0.139655266,4.508204117,5.353185224
-0.139655284,4.508204704,5.353184729
-0.139655303,4.508205294,5.353184232
-0.139655321,4.508205880,5.353183737
-0.139655339,4.508206471,5.353183240
-0.139655357,4.508207059,5.353182743
-0.139655376,4.508207650,5.353182246
-0.139655394,4.508208238,5.353181751
-0.139655412,4.508208826,5.353181255
-0.139655430,4.508209415,5.353180759
-0.139655449,4.508210004,5.353180263
-0.139655467,4.508210591,5.353179767
-0.139655485,4.508211181,5.353179270
-0.139655503,4.508211769,5.353178775
-0.139655522,4.508212359,5.353178277
-0.139655540,4.508212947,5.353177782
-0.139655558,4.508213537,5.353177284
-0.139655576,4.508214124,5.353176788
-0.139655595,4.508214713,5.353176292
-0.139655613,4.508215301,5.353175795
-0.139655631,4.508215889,5.353175300
-0.139655649,4.508216479,5.353174804
-0.139655667,4.508217067,5.353174307
-0.139655686,4.508217655,5.353173810
-0.139655704,4.508218246,5.353173315
-0.139655722,4.508218834,5.353172818
-0.139655740,4.508219423,5.353172323
-0.139655759,4.508220012,5.353171825
-0.139655777,4.508220600,5.353171329
-0.139655795,4.508221189,5.353170834
-0.139655813,4.508221777,5.353170337
-0.139655832,4.508222365,5.353169840
-0.139655850,4.508222955,5.353169345
-0.139655868,4.508223543,5.353168849
-0.139655886,4.508224133,5.353168352
-0.139655905,4.508224721,5.353167856
-0.139655923,4.508225311,5.353167359
-0.139655941,4.508225898,5.353166863
-0.139655959,4.508226488,5.353166367
-0.139655978,4.508227076,5.353165871
-0.139655996,4.508227664,5.353165374
-0.139656014,4.508228254,5.353164878
-0.139656032,4.508228842,5.353164382
-0.139656050,4.508229431,5.353163886
-0.139656069,4.508230017,5.353163390
-0.139656087,4.508230607,5.353162893
-0.139656105,4.508231197,5.353162398
-0.139656123,4.508231785,5.353161900
-0.139656142,4.508232372,5.353161404
-0.139656160,4.508232962,5.353160909
-0.139656178,4.508233552,5.353160412
-0.139656196,4.508234140,5.353159916
-0.139656215,4.508234729,5.353159420
-0.139656233,4.508235318,5.353158924
-0.139656251,4.508235906,5.353158426
-0.139656269,4.508236494,5.353157931
-0.139656288,4.508237083,5.353157434
-0.139656306,4.508237671,5.353156936
-0.139656324,4.508238261,5.353156441
-0.139656342,4.508238848,5.353155945
-0.139656360,4.508239439,5.353155449
-0.139656379,4.508240027,5.353154953
-0.139656397,4.508240616,5.353154458
-0.139656415,4.508241205,5.353153960
-0.139656433,4.508241792,5.353153464
-0.139656452,4.508242380,5.353152968
-0.139656470,4.508242969,5.353152471
-0.139656488,4.508243560,5.353151975
-0.139656506,4.508244148,5.353151478
-0.139656525,4.508244736,5.353150981
-0.139656543,4.508245325,5.353150487
-0.139656561,4.508245913,5.353149991
-0.139656579,4.508246503,5.353149493
-0.139656598,4.508247091,5.353148998
-0.139656616,4.508247680,5.353148502
-0.139656634,4.508248268,5.353148005
-0.139656652,4.508248856,5.353147511
-0.139656670,4.508249445,5.353147014
-0.139656689,4.508250034,5.353146517
-0.139656707,4.508250623,5.353146021
-0.139656725,4.508251213,5.353145524
-0.139656743,4.508251801,5.353145028
-0.139656762,4.508252389,5.353144531
-0.139656780,4.508252978,5.353144036
-0.139656798,4.508253567,5.353143539
-0.139656816,4.508254155,5.353143042
-0.139656835,4.508254745,5.353142547
-0.139656853,4.508255334,5.353142051
-0.139656871,4.508255920,5.353141554
-0.139656889,4.508256511,5.353141058
-0.139656908,4.508257099,5.353140562
-0.139656926,4.508257689,5.353140066
-0.139656944,4.508258278,5.353139570
-0.139656962,4.508258865,5.353139074
-0.139656981,4.508259454,5.353138577
-0.139656999,4.508260044,5.353138081
-0.139657017,4.508260631,5.353137584
-0.139657035,4.508261221,5.353137088
-0.139657053,4.508261808,5.353136592
-0.139657072,4.508262397,5.353136096
-0.139657090,4.508262986,5.353135598
-0.139657108,4.508263575,5.353135103
-0.139657126,4.508264163,5.353134607
-0.139657145,4.508264751,5.353134110
-0.139657163,4.508265340,5.353133615
-0.139657181,4.508265930,5.353133118
-0.139657199,4.508266517,5.353132622
-0.139657218,4.508267106,5.353132126
-0.139657236,4.508267695,5.353131630
-0.139657254,4.508268283,5.353131133
-0.139657272,4.508268871,5.353130636
-0.139657291,4.508269461,5.353130141
-0.139657309,4.508270050,5.353129644
-0.139657327,4.508270639,5.353129147
-0.139657345,4.508271229,5.353128652
-0.139657363,4.508271815,5.353128155
-0.139657382,4.508272405,5.353127659
-0.139657400,4.508272995,5.353127163
-0.139657418,4.508273582,5.353126667
-0.139657436,4.508274172,5.353126170
-0.139657455,4.508274760,5.353125674
-0.139657473,4.508275349,5.353125178
-0.139657491,4.508275938,5.353124682
-0.139657509,4.508276526,5.353124184
-0.139657528,4.508277115,5.353123689
-0.139657546,4.508277704,5.353123192
-0.139657564,4.508278293,5.353122697
-0.139657582,4.508278881,5.353122200
-0.139657601,4.508279469,5.353121703
-0.139657619,4.508280058,5.353121207
-0.139657637,4.508280647,5.353120712
-0.139657655,4.508281237,5.353120214
-0.139657674,4.508281823,5.353119718
-0.139657692,4.508282413,5.353119222
-0.139657710,4.508283002,5.353118727
-0.139657728,4.508283590,5.353118229
-0.139657747,4.508284179,5.353117734
-0.139657765,4.508284768,5.353117237
-0.139657783,4.508285356,5.353116741
-0.139657801,4.508285946,5.353116245
-0.139657819,4.508286534,5.353115749
-0.139657838,4.508287123,5.353115252
-0.139657856,4.508287711,5.353114755
-0.139657874,4.508288301,5.353114260
-0.139657892,4.508288888,5.353113764
-0.139657911,4.508289478,5.353113268
-0.139657929,4.508290066,5.353112772
-0.139657947,4.508290654,5.353112275
-0.139657965,4.508291244,5.353111779
-0.139657984,4.508291832,5.353111282
-0.139658002,4.508292422,5.353110785
-0.139658020,4.508293009,5.353110289
-0.139658038,4.508293599,5.353109793
-0.139658057,4.508294189,5.353109297
-0.139658075,4.508294776,5.353108800
-0.139658093,4.508295366,5.353108305
-0.139658111,4.508295952,5.353107808
-0.139658129,4.508296542,5.353107313
-0.139658148,4.508297130,5.353106816
-0.139658166,4.508297718,5.353106319
-0.139658184,4.508298309,5.353105823
-0.139658202,4.508298897,5.353105327
-0.139658221,4.508299486,5.353104832
-0.139658239,4.508300074,5.353104334
-0.139658257,4.508300662,5.353103838
-0.139658275,4.508301252,5.353103342
-0.139658294,4.508301840,5.353102845
-0.139658312,4.508302430,5.353102350
-0.139658330,4.508303019,5.353101854
-0.139658348,4.508303608,5.353101357
-0.139658367,4.508304196,5.353100860
-0.139658385,4.508304783,5.353100365
-0.139658403,4.508305373,5.353099868
-0.139658421,4.508305961,5.353099372
-0.139658440,4.508306551,5.353098876
-0.139658458,4.508307137,5.353098379
-0.139658476,4.508307727,5.353097883
-0.139658494,4.508308316,5.353097387
-0.139658512,4.508308906,5.353096890
-0.139658531,4.508309494,5.353096394
-0.139658549,4.508310081,5.353095897
-0.139658567,4.508310671,5.353095401
-0.139658585,4.508311260,5.353094905
-0.139658604,4.508311847,5.353094409
-0.139658622,4.508312436,5.353093912
-0.139658640,4.508313024,5.353093415
-0.139658658,4.508313614,5.353092920
-0.139658677,4.508314203,5.353092425
-0.139658695,4.508314791,5.353091927
-0.139658713,4.508315381,5.353091431
-0.139658731,4.508315968,5.353090936
-0.139658749,4.508316557,5.353090439
-0.139658768,4.508317146,5.353089942
-0.139658786,4.508317734,5.353089447
-0.139658804,4.508318324,5.353088951
-0.139658823,4.508318913,5.353088453
-0.139658841,4.508319501,5.353087957
-0.139658859,4.508320090,5.353087462
-0.139658877,4.508320677,5.353086965
-0.139658895,4.508321267,5.353086469
-0.139658914,4.508321856,5.353085973
-0.139658932,4.508322445,5.353085476
-0.139658950,4.508323034,5.353084979
-0.139658968,4.508323622,5.353084484
-0.139658987,4.508324211,5.353083987
-0.139659005,4.508324799,5.353083491
-0.139659023,4.508325388,5.353082995
-0.139659041,4.508325977,5.353082498
-0.139659060,4.508326566,5.353082004
-0.139659078,4.508327155,5.353081506
-0.139659096,4.508327742,5.353081010
-0.139659114,4.508328331,5.353080514
-0.139659132,4.508328920,5.353080018
-0.139659151,4.508329509,5.353079522
-0.139659169,4.508330096,5.353079026
-0.139659187,4.508330686,5.353078529
-0.139659205,4.508331276,5.353078031
-0.139659224,4.508331864,5.353077536
-0.139659242,4.508332453,5.353077039
-0.139659260,4.508333042,5.353076544
-0.139659278,4.508333630,5.353076048
-0.139659297,4.508334218,5.353075551
-0.139659315,4.508334806,5.353075054
-0.139659333,4.508335395,5.353074558
-0.139659351,4.508335984,5.353074063
-0.139659370,4.508336573,5.353073566
-0.139659388,4.508337164,5.353073069
-0.139659406,4.508337751,5.353072574
-0.139659424,4.508338341,5.353072078
-0.139659443,4.508338929,5.353071581
-0.139659461,4.508339516,5.353071084
-0.139659479,4.508340107,5.353070588
-0.139659497,4.508340693,5.353070091
-0.139659515,4.508341282,5.353069596
-0.139659534,4.508341871,5.353069100
-0.139659552,4.508342459,5.353068603
-0.139659570,4.508343049,5.353068107
-0.139659588,4.508343638,5.353067611
-0.139659607,4.508344227,5.353067114
-0.139659625,4.508344814,5.353066619
-0.139659643,4.508345403,5.353066122
-0.139659661,4.508345993,5.353065626
-0.139659680,4.508346581,5.353065130
-0.139659698,4.508347169,5.353064633
-0.139659716,4.508347757,5.353064136
-0.139659734,4.508348347,5.353063640
-0.139659753,4.508348936,5.353063144
-0.139659771,4.508349525,5.353062647
-0.139659789,4.508350112,5.353062151
-0.139659807,4.508350702,5.353061656
-0.139659825,4.508351291,5.353061159
-0.139659844,4.508351878,5.353060662
-0.139659862,4.508352467,5.353060168
-0.139659880,4.508353056,5.353059671
-0.139659898,4.508353646,5.353059174
-0.139659917,4.508354235,5.353058678
-0.139659935,4.508354823,5.353058181
-0.139659953,4.508355412,5.353057685
-0.139659971,4.508356001,5.353057188
-0.139659990,4.508356589,5.353056692
-0.139660008,4.508357178,5.353056197
-0.139660026,4.508357766,5.353055701
-0.139660044,4.508358354,5.353055204
-0.139660063,4.508358943,5.353054708
-0.139660081,4.508359532,5.353054211
-0.139660099,4.508360122,5.353053716
-0.139660117,4.508360710,5.353053219
-0.139660135,4.508361299,5.353052722
-0.139660154,4.508361887,5.353052226
-0.139660172,4.508362477,5.353051730
-0.139660190,4.508363064,5.353051234
-0.139660208,4.508363651,5.353050738
-0.139660227,4.508364241,5.353050242
-0.139660245,4.508364830,5.353049745
-0.139660263,4.508365419,5.353049248
-0.139660281,4.508366006,5.353048753
-0.139660300,4.508366598,5.353048256
-0.139660318,4.508367185,5.353047760
-0.139660336,4.508367774,5.353047264
-0.139660354,4.508368362,5.353046767
-0.139660373,4.508368950,5.353046271
-0.139660391,4.508369540,5.353045776
-0.139660409,4.508370128,5.353045277
-0.139660427,4.508370716,5.353044783
-0.139660446,4.508371305,5.353044287
-0.139660464,4.508371895,5.353043789
-0.139660482,4.508372484,5.353043293
-0.139660500,4.508373071,5.353042796
-0.139660518,4.508373661,5.353042301
-0.139660537,4.508374250,5.353041803
-0.139660555,4.508374838,5.353041309
-0.139660573,4.508375427,5.353040813
-0.139660591,4.508376014,5.353040314
-0.139660610,4.508376604,5.353039819
-0.139660628,4.508377193,5.353039323
-0.139660646,4.508377782,5.353038827
-0.139660664,4.508378371,5.353038330
-0.139660683,4.508378961,5.353037835
-0.139660701,4.508379548,5.353037339
-0.139660719,4.508380136,5.353036842
-0.139660737,4.508380724,5.353036346
-0.139660756,4.508381314,5.353035849
-0.139660774,4.508381901,5.353035352
-0.139660792,4.508382489,5.353034856
-0.139660810,4.508383079,5.353034361
-0.139660828,4.508383668,5.353033864
-0.139660847,4.508384257,5.353033367
-0.139660865,4.508384846,5.353032872
-0.139660883,4.508385434,5.353032374
-0.139660901,4.508386022,5.353031879
-0.139660920,4.508386612,5.353031382
-0.139660938,4.508387201,5.353030886
-0.139660956,4.508387789,5.353030390
-0.139660974,4.508388377,5.353029894
-0.139660993,4.508388965,5.353029398
-0.139661011,4.508389556,5.353028900
-0.139661029,4.508390143,5.353028405
-0.139661047,4.508390733,5.353027909
-0.139661065,4.508391321,5.353027412
-0.139661084,4.508391910,5.353026916
-0.139661102,4.508392498,5.353026420
-0.139661120,4.508393087,5.353025923
-0.139661138,4.508393677,5.353025428
-0.139661157,4.508394265,5.353024932
-0.139661175,4.508394853,5.353024435
-0.139661193,4.508395442,5.353023939
-0.139661211,4.508396030,5.353023442
-0.139661230,4.508396620,5.353022946
-0.139661248,4.508397208,5.353022449
-0.139661266,4.508397797,5.353021953
-0.139661284,4.508398385,5.353021456
-0.139661303,4.508398974,5.353020961
-0.139661321,4.508399563,5.353020466
-0.139661339,4.508400152,5.353019968
-0.139661357,4.508400740,5.353019472
-0.139661376,4.508401330,5.353018975
-0.139661394,4.508401918,5.353018479
-0.139661412,4.508402508,5.353017983
-0.139661430,4.508403094,5.353017487
-0.139661449,4.508403685,5.353016990
-0.139661467,4.508404272,5.353016493
-0.139661485,4.508404862,5.353015999
-0.139661503,4.508405451,5.353015501
-0.139661521,4.508406039,5.353015006
-0.139661540,4.508406626,5.353014509
-0.139661558,4.508407217,5.353014013
-0.139661576,4.508407805,5.353013517
-0.139661594,4.508408395,5.353013020
-0.139661613,4.508408981,5.353012524
-0.139661631,4.508409571,5.353012027
-0.139661649,4.508410159,5.353011532
-0.139661667,4.508410748,5.353011035
-0.139661686,4.508411338,5.353010539
-0.139661704,4.508411925,5.353010043
-0.139661722,4.508412513,5.353009547
-0.139661740,4.508413102,5.353009050
-0.139661758,4.508413691,5.353008553
-0.139661777,4.508414280,5.353008057
-0.139661795,4.508414868,5.353007562
-0.139661813,4.508415459,5.353007065
-0.139661831,4.508416045,5.353006570
-0.139661850,4.508416636,5.353006073
-0.139661868,4.508417224,5.353005576
-0.139661886,4.508417812,5.353005081
-0.139661904,4.508418401,5.353004584
-0.139661923,4.508418988,5.353004088
-0.139661941,4.508419577,5.353003592
-0.139661959,4.508420167,5.353003096
-0.139661977,4.508420756,5.353002599
-0.139661996,4.508421346,5.353002103
-0.139662014,4.508421933,5.353001606
-0.139662032,4.508422522,5.353001110
-0.139662050,4.508423110,5.353000613
-0.139662069,4.508423699,5.353000117
-0.139662087,4.508424289,5.352999621
-0.139662105,4.508424875,5.352999125
-0.139662123,4.508425465,5.352998629
-0.139662141,4.508426052,5.352998132
-0.139662160,4.508426642,5.352997635
-0.139662178,4.508427231,5.352997140
-0.139662196,4.508427818,5.352996644
-0.139662214,4.508428409,5.352996147
-0.139662233,4.508428997,5.352995650
-0.139662251,4.508429585,5.352995154
-0.139662269,4.508430175,5.352994658
-0.139662287,4.508430763,5.352994162
-0.139662306,4.508431351,5.352993666
-0.139662324,4.508431940,5.352993169
-0.139662342,4.508432528,5.352992674
-0.139662360,4.508433118,5.352992177
-0.139662379,4.508433708,5.352991679
-0.139662397,4.508434295,5.352991185
-0.139662415,4.508434884,5.352990687
-0.139662433,4.508435472,5.352990191
-0.139662451,4.508436061,5.352989696
-0.139662470,4.508436651,5.352989199
-0.139662488,4.508437240,5.352988702
-0.139662506,4.508437827,5.352988206
-0.139662524,4.508438415,5.352987711
-0.139662543,4.508439004,5.352987214
-0.139662561,4.508439594,5.352986718
-0.139662579,4.508440183,5.352986221
-0.139662597,4.508440772,5.352985725
-0.139662616,4.508441360,5.352985229
-0.139662634,4.508441949,5.352984732
-0.139662652,4.508442537,5.352984237
-0.139662670,4.508443125,5.352983740
-0.139662689,4.508443714,5.352983244
-0.139662707,4.508444303,5.352982747
-0.139662725,4.508444890,5.352982251
-0.139662743,4.508445480,5.352981755
-0.139662762,4.508446070,5.352981259
-0.139662780,4.508446656,5.352980761
-0.139662798,4.508447245,5.352980266
-0.139662816,4.508447834,5.352979771
-0.139662834,4.508448423,5.352979273
-0.139662853,4.508449011,5.352978777
-0.139662871,4.508449601,5.352978282
-0.139662889,4.508450190,5.352977784
-0.139662907,4.508450777,5.352977288
-0.139662926,4.508451366,5.352976793
-0.139662944,4.508451954,5.352976295
-0.139662962,4.508452545,5.352975799
-0.139662980,4.508453133,5.352975304
-0.139662999,4.508453723,5.352974807
-0.139663017,4.508454311,5.352974310
-0.139663035,4.508454898,5.352973815
-0.139663053,4.508455487,5.352973317
-0.139663072,4.508456076,5.352972821
-0.139663090,4.508456665,5.352972326
-0.139663108,4.508457254,5.352971830
-0.139663126,4.508457842,5.352971333
-0.139663144,4.508458431,5.352970836
-0.139663163,4.508459021,5.352970340
-0.139663181,4.508459609,5.352969844
-0.139663199,4.508460199,5.352969348
-0.139663217,4.508460783,5.352968852
-0.139663236,4.508461375,5.352968354
-0.139663254,4.508461963,5.352967859
-0.139663272,4.508462553,5.352967362
-0.139663290,4.508463141,5.352966867
-0.139663309,4.508463728,5.352966370
-0.139663327,4.508464318,5.352965874
-0.139663345,4.508464906,5.352965378
-0.139663363,4.508465495,5.352964881
-0.139663382,4.508466084,5.352964385
-0.139663400,4.508466673,5.352963889
-0.139663418,4.508467262,5.352963392
-0.139663436,4.508467849,5.352962896
-0.139663454,4.508468439,5.352962399
-0.139663473,4.508469027,5.352961903
-0.139663491,4.508469615,5.352961407
-0.139663509,4.508470204,5.352960912
-0.139663527,4.508470792,5.352960414
-0.139663546,4.508471381,5.352959918
-0.139663564,4.508471971,5.352959422
-0.139663582,4.508472560,5.352958926
-0.139663600,4.508473149,5.352958429
-0.139663619,4.508473737,5.352957933
-0.139663637,4.508474324,5.352957437
-0.139663655,4.508474915,5.352956940
-0.139663673,4.508475503,5.352956445
-0.139663691,4.508476090,5.352955948
-0.139663710,4.508476681,5.352955453
-0.139663728,4.508477268,5.352954956
-0.139663746,4.508477857,5.352954458
-0.139663765,4.508478447,5.352953963
-0.139663783,4.508479035,5.352953466
-0.139663801,4.508479624,5.352952971
-0.139663819,4.508480213,5.352952473
-0.139663837,4.508480801,5.352951977
-0.139663856,4.508481389,5.352951482
-0.139663874,4.508481978,5.352950986
-0.139663892,4.508482567,5.352950490
-0.139663910,4.508483156,5.352949991
-0.139663929,4.508483743,5.352949496
-0.139663947,4.508484333,5.352949001
-0.139663965,4.508484922,5.352948505
-0.139663983,4.508485511,5.352948008
-0.139664002,4.508486100,5.352947510
-0.139664020,4.508486687,5.352947015
-0.139664038,4.508487277,5.352946519
-0.139664056,4.508487864,5.352946023
-0.139664074,4.508488454,5.352945525
-0.139664093,4.508489043,5.352945030
-0.139664111,4.508489631,5.352944534
-0.139664129,4.508490220,5.352944039
-0.139664147,4.508490808,5.352943541
-0.139664166,4.508491396,5.352943045
-0.139664184,4.508491985,5.352942550
-0.139664202,4.508492574,5.352942052
-0.139664220,4.508493164,5.352941555
-0.139664239,4.508493753,5.352941059
-0.139664257,4.508494341,5.352940563
-0.139664275,4.508494929,5.352940068
-0.139664293,4.508495518,5.352939570
-0.139664312,4.508496107,5.352939073
-0.139664330,4.508496695,5.352938578
-0.139664348,4.508497284,5.352938083
-0.139664366,4.508497871,5.352937585
-0.139664384,4.508498461,5.352937090
-0.139664403,4.508499051,5.352936593
-0.139664421,4.508499639,5.352936096
-0.139664439,4.508500228,5.352935601
-0.139664457,4.508500816,5.352935103
-0.139664476,4.508501404,5.352934608
-0.139664494,4.508501993,5.352934112
-0.139664512,4.508502582,5.352933614
-0.139664530,4.508503171,5.352933120
-0.139664549,4.508503759,5.352932622
-0.139664567,4.508504348,5.352932127
-0.139664585,4.508504936,5.352931630
-0.139664603,4.508505525,5.352931134
-0.139664622,4.508506115,5.352930638
-0.139664640,4.508506703,5.352930142
-0.139664658,4.508507291,5.352929645
-0.139664676,4.508507880,5.352929148
-0.139664694,4.508508468,5.352928652
-0.139664713,4.508509058,5.352928155
-0.139664731,4.508509646,5.352927661
-0.139664749,4.508510235,5.352927163
-0.139664768,4.508510824,5.352926668
-0.139664786,4.508511412,5.352926171
-0.139664804,4.508512001,5.352925674
-0.139664822,4.508512590,5.352925179
-0.139664840,4.508513179,5.352924683
-0.139664859,4.508513766,5.352924186
-0.139664877,4.508514356,5.352923689
-0.139664895,4.508514945,5.352923193
-0.139664913,4.508515533,5.352922696
-0.139664932,4.508516122,5.352922201
-0.139664950,4.508516710,5.352921704
-0.139664968,4.508517299,5.352921209
-0.139664986,4.508517885,5.352920712
-0.139665005,4.508518476,5.352920215
-0.139665023,4.508519064,5.352919719
-0.139665041,4.508519652,5.352919223
-0.139665059,4.508520243,5.352918726
-0.139665077,4.508520831,5.352918230
-0.139665096,4.508521418,5.352917735
-0.139665114,4.508522009,5.352917239
-0.139665132,4.508522597,5.352916742
-0.139665150,4.508523186,5.352916246
-0.139665169,4.508523774,5.352915749
-0.139665187,4.508524362,5.352915253
-0.139665205,4.508524952,5.352914757
-0.139665223,4.508525539,5.352914260
-0.139665242,4.508526131,5.352913763
-0.139665260,4.508526719,5.352913268
-0.139665278,4.508527306,5.352912771
-0.139665296,4.508527895,5.352912276
-0.139665315,4.508528482,5.352911779
-0.139665333,4.508529074,5.352911283
-0.139665351,4.508529661,5.352910785
-0.139665369,4.508530249,5.352910289
-0.139665387,4.508530837,5.352909793
-0.139665406,4.508531426,5.352909297
-0.139665424,4.508532016,5.352908800
-0.139665442,4.508532604,5.352908305
-0.139665460,4.508533194,5.352907809
-0.139665479,4.508533782,5.352907313
-0.139665497,4.508534371,5.352906816
-0.139665515,4.508534958,5.352906319
-0.139665533,4.508535547,5.352905822
-0.139665552,4.508536137,5.352905327
-0.139665570,4.508536725,5.352904831
-0.139665588,4.508537314,5.352904334
-0.139665606,4.508537902,5.352903839
-0.139665625,4.508538491,5.352903342
-0.139665643,4.508539079,5.352902846
-0.139665661,4.508539668,5.352902349
-0.139665679,4.508540258,5.352901853
-0.139665698,4.508540846,5.352901358
-0.139665716,4.508541435,5.352900860
-0.139665734,4.508542023,5.352900363
-0.139665752,4.508542612,5.352899868
-0.139665770,4.508543200,5.352899372
-0.139665789,4.508543788,5.352898874
-0.139665807,4.508544378,5.352898379
-0.139665825,4.508544967,5.352897883
-0.139665843,4.508545555,5.352897385
-0.139665862,4.508546143,5.352896890
-0.139665880,4.508546732,5.352896393
-0.139665898,4.508547321,5.352895898
-0.139665916,4.508547910,5.352895401
-0.139665935,4.508548499,5.352894904
-0.139665953,4.508549088,5.352894409
-0.139665971,4.508549674,5.352893912
-0.139665989,4.508550265,5.352893415
-0.139666008,4.508550853,5.352892920
-0.139666026,4.508551442,5.352892423
-0.139666044,4.508552031,5.352891927
-0.139666062,4.508552617,5.352891430
-0.139666080,4.508553208,5.352890935
-0.139666099,4.508553796,5.352890438
-0.139666117,4.508554385,5.352889943
-0.139666135,4.508554976,5.352889447
-0.139666153,4.508555562,5.352888948
-0.139666172,4.508556153,5.352888453
-0.139666190,4.508556738,5.352887956
-0.139666208,4.508557329,5.352887460
-0.139666226,4.508557917,5.352886964
-0.139666245,4.508558505,5.352886468
-0.139666263,4.508559095,5.352885971
-0.139666281,4.508559683,5.352885475
-0.139666299,4.508560271,5.352884979
-0.139666318,4.508560861,5.352884483
-0.139666336,4.508561450,5.352883986
-0.139666354,4.508562039,5.352883490
-0.139666372,4.508562627,5.352882995
-0.139666390,4.508563215,5.352882497
-0.139666409,4.508563804,5.352882001
-0.139666427,4.508564393,5.352881504
-0.139666445,4.508564982,5.352881009
-0.139666463,4.508565571,5.352880512
-0.139666482,4.508566160,5.352880016
-0.139666500,4.508566746,5.352879520
-0.139666518,4.508567336,5.352879023
-0.139666536,4.508567925,5.352878527
-0.139666555,4.508568514,5.352878031
-0.139666573,4.508569103,5.352877534
-0.139666591,4.508569690,5.352877038
-0.139666609,4.508570280,5.352876540
-0.139666628,4.508570869,5.352876046
-0.139666646,4.508571457,5.352875549
-0.139666664,4.508572048,5.352875052
-0.139666682,4.508572633,5.352874556
-0.139666700,4.508573222,5.352874060
-0.139666719,4.508573811,5.352873564
-0.139666737,4.508574401,5.352873068
-0.139666755,4.508574989,5.352872572
-0.139666773,4.508575577,5.352872076
-0.139666792,4.508576167,5.352871579
-0.139666810,4.508576755,5.352871082
-0.139666828,4.508577344,5.352870586
-0.139666846,4.508577933,5.352870090
-0.139666865,4.508578521,5.352869594
-0.139666883,4.508579111,5.352869097
-0.139666901,4.508579697,5.352868602
-0.139666919,4.508580287,5.352868105
-0.139666938,4.508580876,5.352867609
-0.139666956,4.508581464,5.352867112
-0.139666974,4.508582053,5.352866616
-0.139666992,4.508582641,5.352866120
-0.139667011,4.508583231,5.352865623
-0.139667029,4.508583818,5.352865127
-0.139667047,4.508584409,5.352864630
-0.139667065,4.508584997,5.352864135
-0.139667084,4.508585586,5.352863640
-0.139667102,4.508586174,5.352863141
-0.139667120,4.508586762,5.352862645
-0.139667138,4.508587351,5.352862150
-0.139667156,4.508587940,5.352861653
-0.139667175,4.508588530,5.352861157
-0.139667193,4.508589117,5.352860660
-0.139667211,4.508589705,5.352860163
-0.139667229,4.508590294,5.352859668
-0.139667248,4.508590883,5.352859172
-0.139667266,4.508591470,5.352858676
-0.139667284,4.508592061,5.352858179
-0.139667302,4.508592649,5.352857681
-0.139667321,4.508593238,5.352857186
-0.139667339,4.508593827,5.352856691
-0.139667357,4.508594415,5.352856195
-0.139667375,4.508595003,5.352855697
-0.139667393,4.508595591,5.352855202
-0.139667412,4.508596181,5.352854705
-0.139667430,4.508596769,5.352854208
-0.139667448,4.508597359,5.352853713
-0.139667466,4.508597946,5.352853215
-0.139667485,4.508598535,5.352852720
-0.139667503,4.508599124,5.352852223
-0.139667521,4.508599713,5.352851727
-0.139667539,4.508600302,5.352851231
-0.139667558,4.508600891,5.352850734
-0.139667576,4.508601479,5.352850238
-0.139667594,4.508602066,5.352849741
-0.139667612,4.508602657,5.352849246
-0.139667630,4.508603245,5.352848749
-0.139667649,4.508603833,5.352848252
-0.139667667,4.508604423,5.352847757
-0.139667685,4.508605010,5.352847259
-0.139667703,4.508605598,5.352846764
-0.139667722,4.508606189,5.352846268
-0.139667740,4.508606777,5.352845771
-0.139667758,4.508607366,5.352845275
-0.139667776,4.508607954,5.352844778
-0.139667795,4.508608542,5.352844282
-0.139667813,4.508609133,5.352843786
-0.139667831,4.508609721,5.352843290
-0.139667849,4.508610310,5.352842794
-0.139667868,4.508610898,5.352842297
-0.139667886,4.508611484,5.352841801
-0.139667904,4.508612074,5.352841304
-0.139667922,4.508612663,5.352840809
-0.139667941,4.508613253,5.352840311
-0.139667959,4.508613841,5.352839816
-0.139667977,4.508614428,5.352839319
-0.139667995,4.508615018,5.352838823
-0.139668013,4.508615608,5.352838328
-0.139668032,4.508616196,5.352837831
-0.139668050,4.508616785,5.352837333
-0.139668068,4.508617373,5.352836838
-0.139668086,4.508617962,5.352836342
-0.139668105,4.508618550,5.352835847
-0.139668123,4.508619138,5.352835349
-0.139668141,4.508619728,5.352834853
-0.139668159,4.508620316,5.352834357
-0.139668178,4.508620904,5.352833861
-0.139668196,4.508621493,5.352833364
-0.139668214,4.508622083,5.352832868
-0.139668232,4.508622670,5.352832371
-0.139668251,4.508623260,5.352831875
-0.139668269,4.508623849,5.352831378
-0.139668287,4.508624435,5.352830883
-0.139668305,4.508625026,5.352830386
-0.139668323,4.508625614,5.352829890
-0.139668342,4.508626202,5.352829393
-0.139668360,4.508626792,5.352828897
-0.139668378,4.508627380,5.352828401
-0.139668396,4.508627969,5.352827904
-0.139668415,4.508628557,5.352827408
-0.139668433,4.508629146,5.352826912
-0.139668451,4.508629736,5.352826416
-0.139668469,4.508630322,5.352825919
-0.139668488,4.508630912,5.352825424
-0.139668506,4.508631501,5.352824926
-0.139668524,4.508632090,5.352824430
-0.139668542,4.508632678,5.352823934
-0.139668561,4.508633266,5.352823437
-0.139668579,4.508633857,5.352822941
-0.139668597,4.508634444,5.352822446
-0.139668615,4.508635033,5.352821949
-0.139668633,4.508635622,5.352821452
-0.139668652,4.508636210,5.352820956
-0.139668670,4.508636800,5.352820460
-0.139668688,4.508637388,5.352819964
-0.139668706,4.508637975,5.352819467
-0.139668725,4.508638564,5.352818971
-0.139668743,4.508639154,5.352818475
-0.139668761,4.508639743,5.352817979
-0.139668779,4.508640330,5.352817482
-0.139668798,4.508640918,5.352816986
-0.139668816,4.508641509,5.352816491
-0.139668834,4.508642097,5.352815994
-0.139668852,4.508642685,5.352815496
-0.139668871,4.508643274,5.352815001
-0.139668889,4.508643863,5.352814504
-0.139668907,4.508644450,5.352814008
-0.139668925,4.508645039,5.352813512
-0.139668944,4.508645630,5.352813016
-0.139668962,4.508646217,5.352812519
-0.139668980,4.508646806,5.352812022
-0.139668998,4.508647394,5.352811527
-0.139669016,4.508647985,5.352811032
-0.139669035,4.508648572,5.352810534
-0.139669053,4.508649161,5.352810037
-0.139669071,4.508649751,5.352809540
-0.139669089,4.508650338,5.352809045
-0.139669108,4.508650926,5.352808548
-0.139669126,4.508651515,5.352808053
-0.139669144,4.508652104,5.352807555
-0.139669162,4.508652692,5.352807060
-0.139669181,4.508653282,5.352806563
-0.139669199,4.508653870,5.352806068
